username,first_name,last_name,email,password
mary70,Shannon,Morgan,jodihoffman@example.org,*!%DIndfa3
iflores,Nicole,Terrell,jill31@example.net,&^4tdGXdE+
thomas82,Nicholas,Coleman,byoung@example.net,2!8^T##m4w
haleygilbert,Catherine,Gutierrez,kelly28@example.com,s#2KDZVg)t
yrodriguez,Krista,Mack,xray@example.com,$34VCAZjl2
flynnjimmy,Corey,Clark,holtmichael@example.com,#0zwG_Iav8
shawkins,Zachary,White,william11@example.net,1!)5AHPdRy
nadams,Taylor,Diaz,james78@example.net,%ogEje*&3!
hannahmoore,Austin,Evans,armstrongjennifer@example.org,_)62^T8itH
nicoleguzman,Sarah,Conway,audrey13@example.net,h_9mjTlqPU
